AGNO;RBD;DGV_RBD;NOM_RBD;COD_REG_RBD;NOM_REG_RBD_A;COD_PRO_RBD;COD_COM_RBD;NOM_COM_RBD;COD_DEPROV_RBD;NOM_DEPROV_RBD;COD_DEPE;COD_DEPE2;RURAL_RBD;ESTADO_ESTAB;COD_ENSE;COD_ENSE2;COD_ENSE3;COD_GRADO;COD_GRADO2;LET_CUR;COD_JOR;COD_TIP_CUR;COD_DES_CUR;MRUN;GEN_ALU;FEC_NAC_ALU;EDAD_ALU;COD_REG_ALU;COD_COM_ALU;NOM_COM_ALU;COD_SEC;COD_ESPE;COD_RAMA;COD_MEN;ENS
2021;1;9;LICEO POLITECNICO ARICA;15;AYP;151;15101;ARICA;151;ARICA;6;5;0;1;463;8;7;3;3;A;4;0;1;7202976;2;196703;54;15;15101;ARICA;410;41001;400;0;13
2021;1;9;LICEO POLITECNICO ARICA;15;AYP;151;15101;ARICA;151;ARICA;6;5;0;1;463;8;7;3;3;A;4;0;1;8499473;2;199607;24;15;15101;ARICA;410;41001;400;0;13
2021;1;9;LICEO POLITECNICO ARICA;15;AYP;151;15101;ARICA;151;ARICA;6;5;0;1;463;8;7;3;3;A;4;0;1;24362233;1;196911;51;15;15101;ARICA;410;41001;400;0;13
2021;1;9;LICEO POLITECNICO ARICA;15;AYP;151;15101;ARICA;151;ARICA;6;5;0;1;463;8;7;3;3;A;4;0;1;24958540;2;197802;43;1;1101;IQUIQUE;410;41001;400;0;13
2021;1;9;LICEO POLITECNICO ARICA;15;AYP;151;15101;ARICA;151;ARICA;6;5;0;1;463;8;7;4;4;A;4;0;1;2655917;1;199509;25;15;15101;ARICA;410;41001;400;0;13
2021;1;9;LICEO POLITECNICO ARICA;15;AYP;151;15101;ARICA;151;ARICA;6;5;0;1;463;8;7;4;4;A;4;0;1;8598804;1;197712;43;15;15101;ARICA;410;41001;400;0;13
2021;1;9;LICEO POLITECNICO ARICA;15;AYP;151;15101;ARICA;151;ARICA;6;5;0;1;463;8;7;4;4;A;4;0;1;14742873;2;199212;28;15;15101;ARICA;410;41001;400;0;13
2021;1;9;LICEO POLITECNICO ARICA;15;AYP;151;15101;ARICA;151;ARICA;6;5;0;1;463;8;7;4;4;A;4;0;1;16201389;2;198404;37;15;15101;ARICA;410;41001;400;0;13
2021;1;9;LICEO POLITECNICO ARICA;15;AYP;151;15101;ARICA;151;ARICA;6;5;0;1;463;8;7;4;4;A;4;0;1;16515912;2;197305;48;15;15101;ARICA;410;41001;400;0;13
2021;1;9;LICEO POLITECNICO ARICA;15;AYP;151;15101;ARICA;151;ARICA;6;5;0;1;463;8;7;4;4;A;4;0;1;19907825;2;200206;19;15;15101;ARICA;410;41001;400;0;13
2021;1;9;LICEO POLITECNICO ARICA;15;AYP;151;15101;ARICA;151;ARICA;6;5;0;1;463;8;7;4;4;A;4;0;1;20425606;2;199108;29;15;15101;ARICA;410;41001;400;0;13
2021;1;9;LICEO POLITECNICO ARICA;15;AYP;151;15101;ARICA;151;ARICA;6;5;0;1;510;7;6;1;1;A;1;0;0;861896;1;200702;14;15;15101;ARICA;0;0;0;0;6
2021;1;9;LICEO POLITECNICO ARICA;15;AYP;151;15101;ARICA;151;ARICA;6;5;0;1;510;7;6;1;1;A;1;0;0;1827644;1;200411;16;15;15101;ARICA;0;0;0;0;6
2021;1;9;LICEO POLITECNICO ARICA;15;AYP;151;15101;ARICA;151;ARICA;6;5;0;1;510;7;6;1;1;A;1;0;0;2370806;1;200704;14;15;15101;ARICA;0;0;0;0;6
2021;1;9;LICEO POLITECNICO ARICA;15;AYP;151;15101;ARICA;151;ARICA;6;5;0;1;510;7;6;1;1;A;1;0;0;4170305;2;200310;17;15;15101;ARICA;0;0;0;0;6
2021;1;9;LICEO POLITECNICO ARICA;15;AYP;151;15101;ARICA;151;ARICA;6;5;0;1;510;7;6;1;1;A;1;0;0;4231164;1;200607;14;15;15101;ARICA;0;0;0;0;6
2021;1;9;LICEO POLITECNICO ARICA;15;AYP;151;15101;ARICA;151;ARICA;6;5;0;1;510;7;6;1;1;A;1;0;0;4610601;1;200703;14;15;15101;ARICA;0;0;0;0;6
2021;1;9;LICEO POLITECNICO ARICA;15;AYP;151;15101;ARICA;151;ARICA;6;5;0;1;510;7;6;1;1;A;1;0;0;7334329;1;200706;14;15;15101;ARICA;0;0;0;0;6
2021;1;9;LICEO POLITECNICO ARICA;15;AYP;151;15101;ARICA;151;ARICA;6;5;0;1;510;7;6;1;1;A;1;0;0;8235628;2;200701;14;15;15101;ARICA;0;0;0;0;6
2021;1;9;LICEO POLITECNICO ARICA;15;AYP;151;15101;ARICA;151;ARICA;6;5;0;1;510;7;6;1;1;A;1;0;0;8527904;2;200704;14;15;15101;ARICA;0;0;0;0;6
2021;1;9;LICEO POLITECNICO ARICA;15;AYP;151;15101;ARICA;151;ARICA;6;5;0;1;510;7;6;1;1;A;1;0;0;9086389;1;200704;14;15;15101;ARICA;0;0;0;0;6
2021;1;9;LICEO POLITECNICO ARICA;15;AYP;151;15101;ARICA;151;ARICA;6;5;0;1;510;7;6;1;1;A;1;0;0;9843898;2;200509;15;15;15101;ARICA;0;0;0;0;6
2021;1;9;LICEO POLITECNICO ARICA;15;AYP;151;15101;ARICA;151;ARICA;6;5;0;1;510;7;6;1;1;A;1;0;0;11316490;1;200608;14;15;15101;ARICA;0;0;0;0;6
2021;1;9;LICEO POLITECNICO ARICA;15;AYP;151;15101;ARICA;151;ARICA;6;5;0;1;510;7;6;1;1;A;1;0;0;11496317;1;200510;15;1;1107;ALTO HOSPICIO;0;0;0;0;6
2021;1;9;LICEO POLITECNICO ARICA;15;AYP;151;15101;ARICA;151;ARICA;6;5;0;1;510;7;6;1;1;A;1;0;0;13242206;1;200701;14;15;15101;ARICA;0;0;0;0;6
2021;1;9;LICEO POLITECNICO ARICA;15;AYP;151;15101;ARICA;151;ARICA;6;5;0;1;510;7;6;1;1;A;1;0;0;13565724;1;200511;15;5;5303;RINCONADA;0;0;0;0;6
2021;1;9;LICEO POLITECNICO ARICA;15;AYP;151;15101;ARICA;151;ARICA;6;5;0;1;510;7;6;1;1;A;1;0;0;14898150;2;200611;14;15;15101;ARICA;0;0;0;0;6
2021;1;9;LICEO POLITECNICO ARICA;15;AYP;151;15101;ARICA;151;ARICA;6;5;0;1;510;7;6;1;1;A;1;0;0;16673928;1;200609;14;15;15101;ARICA;0;0;0;0;6
2021;1;9;LICEO POLITECNICO ARICA;15;AYP;151;15101;ARICA;151;ARICA;6;5;0;1;510;7;6;1;1;A;1;0;0;16886148;2;200410;16;6;6101;RANCAGUA;0;0;0;0;6
2021;1;9;LICEO POLITECNICO ARICA;15;AYP;151;15101;ARICA;151;ARICA;6;5;0;1;510;7;6;1;1;A;1;0;0;17662724;2;200409;16;15;15101;ARICA;0;0;0;0;6
2021;1;9;LICEO POLITECNICO ARICA;15;AYP;151;15101;ARICA;151;ARICA;6;5;0;1;510;7;6;1;1;A;1;0;0;18698069;2;200406;17;15;15101;ARICA;0;0;0;0;6
2021;1;9;LICEO POLITECNICO ARICA;15;AYP;151;15101;ARICA;151;ARICA;6;5;0;1;510;7;6;1;1;A;1;0;0;19309866;1;200605;15;15;15101;ARICA;0;0;0;0;6
2021;1;9;LICEO POLITECNICO ARICA;15;AYP;151;15101;ARICA;151;ARICA;6;5;0;1;510;7;6;1;1;A;1;0;0;20944466;2;200512;15;15;15101;ARICA;0;0;0;0;6
2021;1;9;LICEO POLITECNICO ARICA;15;AYP;151;15101;ARICA;151;ARICA;6;5;0;1;510;7;6;1;1;A;1;0;0;21113152;1;200703;14;15;15201;PUTRE;0;0;0;0;6
2021;1;9;LICEO POLITECNICO ARICA;15;AYP;151;15101;ARICA;151;ARICA;6;5;0;1;510;7;6;1;1;A;1;0;0;21567650;1;200610;14;2;2301;TOCOPILLA;0;0;0;0;6
2021;1;9;LICEO POLITECNICO ARICA;15;AYP;151;15101;ARICA;151;ARICA;6;5;0;1;510;7;6;1;1;A;1;0;0;22198828;1;200506;16;15;15101;ARICA;0;0;0;0;6
2021;1;9;LICEO POLITECNICO ARICA;15;AYP;151;15101;ARICA;151;ARICA;6;5;0;1;510;7;6;1;1;A;1;0;0;22689144;1;200502;16;15;15101;ARICA;0;0;0;0;6
2021;1;9;LICEO POLITECNICO ARICA;15;AYP;151;15101;ARICA;151;ARICA;6;5;0;1;510;7;6;1;1;A;1;0;0;24022878;1;200604;15;15;15101;ARICA;0;0;0;0;6
2021;1;9;LICEO POLITECNICO ARICA;15;AYP;151;15101;ARICA;151;ARICA;6;5;0;1;510;7;6;1;1;A;1;0;0;25114278;1;200401;17;15;15101;ARICA;0;0;0;0;6
2021;1;9;LICEO POLITECNICO ARICA;15;AYP;151;15101;ARICA;151;ARICA;6;5;0;1;510;7;6;1;1;A;1;0;0;25512483;1;200611;14;15;15101;ARICA;0;0;0;0;6
2021;1;9;LICEO POLITECNICO ARICA;15;AYP;151;15101;ARICA;151;ARICA;6;5;0;1;510;7;6;1;1;A;1;0;0;25556229;1;200601;15;15;15101;ARICA;0;0;0;0;6
2021;1;9;LICEO POLITECNICO ARICA;15;AYP;151;15101;ARICA;151;ARICA;6;5;0;1;510;7;6;1;1;A;1;0;0;25739305;2;200706;14;15;15101;ARICA;0;0;0;0;6
2021;1;9;LICEO POLITECNICO ARICA;15;AYP;151;15101;ARICA;151;ARICA;6;5;0;1;510;7;6;1;1;A;1;0;0;25858767;1;200605;15;15;15101;ARICA;0;0;0;0;6
2021;1;9;LICEO POLITECNICO ARICA;15;AYP;151;15101;ARICA;151;ARICA;6;5;0;1;510;7;6;1;1;A;1;0;0;26241257;2;200609;14;15;15101;ARICA;0;0;0;0;6
2021;1;9;LICEO POLITECNICO ARICA;15;AYP;151;15101;ARICA;151;ARICA;6;5;0;1;510;7;6;1;1;A;1;0;0;26457698;1;200608;14;15;15101;ARICA;0;0;0;0;6
2021;1;9;LICEO POLITECNICO ARICA;15;AYP;151;15101;ARICA;151;ARICA;6;5;0;1;510;7;6;1;1;B;1;0;0;4565547;1;200610;14;15;15101;ARICA;0;0;0;0;6
2021;1;9;LICEO POLITECNICO ARICA;15;AYP;151;15101;ARICA;151;ARICA;6;5;0;1;510;7;6;1;1;B;1;0;0;5185972;2;200706;14;15;15101;ARICA;0;0;0;0;6
2021;1;9;LICEO POLITECNICO ARICA;15;AYP;151;15101;ARICA;151;ARICA;6;5;0;1;510;7;6;1;1;B;1;0;0;5207774;2;200608;14;15;15101;ARICA;0;0;0;0;6
2021;1;9;LICEO POLITECNICO ARICA;15;AYP;151;15101;ARICA;151;ARICA;6;5;0;1;510;7;6;1;1;B;1;0;0;5378339;2;200403;17;15;15101;ARICA;0;0;0;0;6
2021;1;9;LICEO POLITECNICO ARICA;15;AYP;151;15101;ARICA;151;ARICA;6;5;0;1;510;7;6;1;1;B;1;0;0;5867815;1;200703;14;15;15101;ARICA;0;0;0;0;6
2021;1;9;LICEO POLITECNICO ARICA;15;AYP;151;15101;ARICA;151;ARICA;6;5;0;1;510;7;6;1;1;B;1;0;0;7453140;1;200610;14;15;15101;ARICA;0;0;0;0;6
2021;1;9;LICEO POLITECNICO ARICA;15;AYP;151;15101;ARICA;151;ARICA;6;5;0;1;510;7;6;1;1;B;1;0;0;7759068;1;200512;15;15;15101;ARICA;0;0;0;0;6
2021;1;9;LICEO POLITECNICO ARICA;15;AYP;151;15101;ARICA;151;ARICA;6;5;0;1;510;7;6;1;1;B;1;0;0;9316233;1;200704;14;15;15101;ARICA;0;0;0;0;6
2021;1;9;LICEO POLITECNICO ARICA;15;AYP;151;15101;ARICA;151;ARICA;6;5;0;1;510;7;6;1;1;B;1;0;0;10006577;1;200507;15;15;15101;ARICA;0;0;0;0;6
2021;1;9;LICEO POLITECNICO ARICA;15;AYP;151;15101;ARICA;151;ARICA;6;5;0;1;510;7;6;1;1;B;1;0;0;10238562;1;200607;14;15;15101;ARICA;0;0;0;0;6
2021;1;9;LICEO POLITECNICO ARICA;15;AYP;151;15101;ARICA;151;ARICA;6;5;0;1;510;7;6;1;1;B;1;0;0;10478886;1;200511;15;15;15101;ARICA;0;0;0;0;6
2021;1;9;LICEO POLITECNICO ARICA;15;AYP;151;15101;ARICA;151;ARICA;6;5;0;1;510;7;6;1;1;B;1;0;0;12192682;1;200409;16;15;15101;ARICA;0;0;0;0;6
2021;1;9;LICEO POLITECNICO ARICA;15;AYP;151;15101;ARICA;151;ARICA;6;5;0;1;510;7;6;1;1;B;1;0;0;12288037;1;200705;14;15;15101;ARICA;0;0;0;0;6
2021;1;9;LICEO POLITECNICO ARICA;15;AYP;151;15101;ARICA;151;ARICA;6;5;0;1;510;7;6;1;1;B;1;0;0;12844378;2;200611;14;15;15101;ARICA;0;0;0;0;6
2021;1;9;LICEO POLITECNICO ARICA;15;AYP;151;15101;ARICA;151;ARICA;6;5;0;1;510;7;6;1;1;B;1;0;0;13174324;1;200609;14;15;15101;ARICA;0;0;0;0;6
2021;1;9;LICEO POLITECNICO ARICA;15;AYP;151;15101;ARICA;151;ARICA;6;5;0;1;510;7;6;1;1;B;1;0;0;15841426;1;200503;16;15;15101;ARICA;0;0;0;0;6
2021;1;9;LICEO POLITECNICO ARICA;15;AYP;151;15101;ARICA;151;ARICA;6;5;0;1;510;7;6;1;1;B;1;0;0;16100741;1;200607;14;15;15101;ARICA;0;0;0;0;6
2021;1;9;LICEO POLITECNICO ARICA;15;AYP;151;15101;ARICA;151;ARICA;6;5;0;1;510;7;6;1;1;B;1;0;0;16442333;1;200702;14;2;2201;CALAMA;0;0;0;0;6
2021;1;9;LICEO POLITECNICO ARICA;15;AYP;151;15101;ARICA;151;ARICA;6;5;0;1;510;7;6;1;1;B;1;0;0;17049507;1;200611;14;15;15101;ARICA;0;0;0;0;6
2021;1;9;LICEO POLITECNICO ARICA;15;AYP;151;15101;ARICA;151;ARICA;6;5;0;1;510;7;6;1;1;B;1;0;0;18762451;1;200511;15;2;2201;CALAMA;0;0;0;0;6
2021;1;9;LICEO POLITECNICO ARICA;15;AYP;151;15101;ARICA;151;ARICA;6;5;0;1;510;7;6;1;1;B;1;0;0;19027717;1;200511;15;15;15101;ARICA;0;0;0;0;6
2021;1;9;LICEO POLITECNICO ARICA;15;AYP;151;15101;ARICA;151;ARICA;6;5;0;1;510;7;6;1;1;B;1;0;0;19730420;1;200604;15;15;15101;ARICA;0;0;0;0;6
2021;1;9;LICEO POLITECNICO ARICA;15;AYP;151;15101;ARICA;151;ARICA;6;5;0;1;510;7;6;1;1;B;1;0;0;20003482;1;200608;14;15;15101;ARICA;0;0;0;0;6
2021;1;9;LICEO POLITECNICO ARICA;15;AYP;151;15101;ARICA;151;ARICA;6;5;0;1;510;7;6;1;1;B;1;0;0;21259329;2;200610;14;15;15101;ARICA;0;0;0;0;6
2021;1;9;LICEO POLITECNICO ARICA;15;AYP;151;15101;ARICA;151;ARICA;6;5;0;1;510;7;6;1;1;B;1;0;0;21428412;1;200511;15;2;2201;CALAMA;0;0;0;0;6
2021;1;9;LICEO POLITECNICO ARICA;15;AYP;151;15101;ARICA;151;ARICA;6;5;0;1;510;7;6;1;1;B;1;0;0;21625650;2;200706;14;15;15101;ARICA;0;0;0;0;6
2021;1;9;LICEO POLITECNICO ARICA;15;AYP;151;15101;ARICA;151;ARICA;6;5;0;1;510;7;6;1;1;B;1;0;0;23031574;1;200601;15;15;15101;ARICA;0;0;0;0;6
2021;1;9;LICEO POLITECNICO ARICA;15;AYP;151;15101;ARICA;151;ARICA;6;5;0;1;510;7;6;1;1;B;1;0;0;23068395;1;200501;16;15;15101;ARICA;0;0;0;0;6
2021;1;9;LICEO POLITECNICO ARICA;15;AYP;151;15101;ARICA;151;ARICA;6;5;0;1;510;7;6;1;1;B;1;0;0;23524107;1;200412;16;15;15101;ARICA;0;0;0;0;6
2021;1;9;LICEO POLITECNICO ARICA;15;AYP;151;15101;ARICA;151;ARICA;6;5;0;1;510;7;6;1;1;B;1;0;0;24191806;2;200605;15;15;15101;ARICA;0;0;0;0;6
2021;1;9;LICEO POLITECNICO ARICA;15;AYP;151;15101;ARICA;151;ARICA;6;5;0;1;510;7;6;1;1;B;1;0;0;24981345;1;200611;14;15;15101;ARICA;0;0;0;0;6
2021;1;9;LICEO POLITECNICO ARICA;15;AYP;151;15101;ARICA;151;ARICA;6;5;0;1;510;7;6;1;1;B;1;0;0;25352589;2;200709;13;15;15101;ARICA;0;0;0;0;6
2021;1;9;LICEO POLITECNICO ARICA;15;AYP;151;15101;ARICA;151;ARICA;6;5;0;1;510;7;6;1;1;B;1;0;0;25615632;1;200611;14;15;15101;ARICA;0;0;0;0;6
2021;1;9;LICEO POLITECNICO ARICA;15;AYP;151;15101;ARICA;151;ARICA;6;5;0;1;510;7;6;1;1;B;1;0;0;26243737;2;200705;14;15;15101;ARICA;0;0;0;0;6
2021;1;9;LICEO POLITECNICO ARICA;15;AYP;151;15101;ARICA;151;ARICA;6;5;0;1;510;7;6;1;1;B;1;0;0;26369529;1;200612;14;15;15101;ARICA;0;0;0;0;6
2021;1;9;LICEO POLITECNICO ARICA;15;AYP;151;15101;ARICA;151;ARICA;6;5;0;1;510;7;6;1;1;C;1;0;0;283192;1;200605;15;15;15101;ARICA;0;0;0;0;6
2021;1;9;LICEO POLITECNICO ARICA;15;AYP;151;15101;ARICA;151;ARICA;6;5;0;1;510;7;6;1;1;C;1;0;0;652164;2;200512;15;15;15101;ARICA;0;0;0;0;6
2021;1;9;LICEO POLITECNICO ARICA;15;AYP;151;15101;ARICA;151;ARICA;6;5;0;1;510;7;6;1;1;C;1;0;0;2978444;1;200703;14;4;4102;COQUIMBO;0;0;0;0;6
2021;1;9;LICEO POLITECNICO ARICA;15;AYP;151;15101;ARICA;151;ARICA;6;5;0;1;510;7;6;1;1;C;1;0;0;3095088;1;200409;16;15;15101;ARICA;0;0;0;0;6
2021;1;9;LICEO POLITECNICO ARICA;15;AYP;151;15101;ARICA;151;ARICA;6;5;0;1;510;7;6;1;1;C;1;0;0;3669216;1;200509;15;13;13501;MELIPILLA;0;0;0;0;6
2021;1;9;LICEO POLITECNICO ARICA;15;AYP;151;15101;ARICA;151;ARICA;6;5;0;1;510;7;6;1;1;C;1;0;0;6170724;1;200703;14;15;15101;ARICA;0;0;0;0;6
2021;1;9;LICEO POLITECNICO ARICA;15;AYP;151;15101;ARICA;151;ARICA;6;5;0;1;510;7;6;1;1;C;1;0;0;6761765;1;200703;14;15;15101;ARICA;0;0;0;0;6
2021;1;9;LICEO POLITECNICO ARICA;15;AYP;151;15101;ARICA;151;ARICA;6;5;0;1;510;7;6;1;1;C;1;0;0;7267119;1;200701;14;2;2201;CALAMA;0;0;0;0;6
2021;1;9;LICEO POLITECNICO ARICA;15;AYP;151;15101;ARICA;151;ARICA;6;5;0;1;510;7;6;1;1;C;1;0;0;10114499;1;200704;14;15;15101;ARICA;0;0;0;0;6
2021;1;9;LICEO POLITECNICO ARICA;15;AYP;151;15101;ARICA;151;ARICA;6;5;0;1;510;7;6;1;1;C;1;0;0;10397348;2;200409;16;15;15101;ARICA;0;0;0;0;6
2021;1;9;LICEO POLITECNICO ARICA;15;AYP;151;15101;ARICA;151;ARICA;6;5;0;1;510;7;6;1;1;C;1;0;0;10505033;1;200512;15;15;15101;ARICA;0;0;0;0;6
2021;1;9;LICEO POLITECNICO ARICA;15;AYP;151;15101;ARICA;151;ARICA;6;5;0;1;510;7;6;1;1;C;1;0;0;10796118;2;200608;14;15;15101;ARICA;0;0;0;0;6
2021;1;9;LICEO POLITECNICO ARICA;15;AYP;151;15101;ARICA;151;ARICA;6;5;0;1;510;7;6;1;1;C;1;0;0;11365163;1;200607;14;15;15101;ARICA;0;0;0;0;6
2021;1;9;LICEO POLITECNICO ARICA;15;AYP;151;15101;ARICA;151;ARICA;6;5;0;1;510;7;6;1;1;C;1;0;0;12526101;1;200603;15;15;15101;ARICA;0;0;0;0;6
2021;1;9;LICEO POLITECNICO ARICA;15;AYP;151;15101;ARICA;151;ARICA;6;5;0;1;510;7;6;1;1;C;1;0;0;13301265;1;200703;14;15;15101;ARICA;0;0;0;0;6
2021;1;9;LICEO POLITECNICO ARICA;15;AYP;151;15101;ARICA;151;ARICA;6;5;0;1;510;7;6;1;1;C;1;0;0;13329936;2;200703;14;15;15101;ARICA;0;0;0;0;6
2021;1;9;LICEO POLITECNICO ARICA;15;AYP;151;15101;ARICA;151;ARICA;6;5;0;1;510;7;6;1;1;C;1;0;0;14403004;1;200504;16;5;5501;QUILLOTA;0;0;0;0;6
2021;1;9;LICEO POLITECNICO ARICA;15;AYP;151;15101;ARICA;151;ARICA;6;5;0;1;510;7;6;1;1;C;1;0;0;15593845;1;200702;14;2;2101;ANTOFAGASTA;0;0;0;0;6
2021;1;9;LICEO POLITECNICO ARICA;15;AYP;151;15101;ARICA;151;ARICA;6;5;0;1;510;7;6;1;1;C;1;0;0;17190389;1;200611;14;15;15101;ARICA;0;0;0;0;6
2021;1;9;LICEO POLITECNICO ARICA;15;AYP;151;15101;ARICA;151;ARICA;6;5;0;1;510;7;6;1;1;C;1;0;0;17312060;1;200704;14;15;15101;ARICA;0;0;0;0;6
2021;1;9;LICEO POLITECNICO ARICA;15;AYP;151;15101;ARICA;151;ARICA;6;5;0;1;510;7;6;1;1;C;1;0;0;17472464;1;200702;14;15;15101;ARICA;0;0;0;0;6
2021;1;9;LICEO POLITECNICO ARICA;15;AYP;151;15101;ARICA;151;ARICA;6;5;0;1;510;7;6;1;1;C;1;0;0;17835685;1;200603;15;15;15101;ARICA;0;0;0;0;6
2021;1;9;LICEO POLITECNICO ARICA;15;AYP;151;15101;ARICA;151;ARICA;6;5;0;1;510;7;6;1;1;C;1;0;0;18126269;1;200611;14;15;15101;ARICA;0;0;0;0;6
2021;1;9;LICEO POLITECNICO ARICA;15;AYP;151;15101;ARICA;151;ARICA;6;5;0;1;510;7;6;1;1;C;1;0;0;18921849;1;200407;16;3;3201;CHAÑARAL;0;0;0;0;6
2021;1;9;LICEO POLITECNICO ARICA;15;AYP;151;15101;ARICA;151;ARICA;6;5;0;1;510;7;6;1;1;C;1;0;0;19645197;2;200611;14;15;15101;ARICA;0;0;0;0;6
2021;1;9;LICEO POLITECNICO ARICA;15;AYP;151;15101;ARICA;151;ARICA;6;5;0;1;510;7;6;1;1;C;1;0;0;19715399;1;200507;15;15;15101;ARICA;0;0;0;0;6
2021;1;9;LICEO POLITECNICO ARICA;15;AYP;151;15101;ARICA;151;ARICA;6;5;0;1;510;7;6;1;1;C;1;0;0;20814815;1;200611;14;15;15101;ARICA;0;0;0;0;6
2021;1;9;LICEO POLITECNICO ARICA;15;AYP;151;15101;ARICA;151;ARICA;6;5;0;1;510;7;6;1;1;C;1;0;0;21492581;2;200705;14;15;15101;ARICA;0;0;0;0;6
2021;1;9;LICEO POLITECNICO ARICA;15;AYP;151;15101;ARICA;151;ARICA;6;5;0;1;510;7;6;1;1;C;1;0;0;23083340;1;200512;15;15;15101;ARICA;0;0;0;0;6
2021;1;9;LICEO POLITECNICO ARICA;15;AYP;151;15101;ARICA;151;ARICA;6;5;0;1;510;7;6;1;1;C;1;0;0;23783572;1;200509;15;15;15101;ARICA;0;0;0;0;6
2021;1;9;LICEO POLITECNICO ARICA;15;AYP;151;15101;ARICA;151;ARICA;6;5;0;1;510;7;6;1;1;C;1;0;0;24098077;1;200609;14;15;15101;ARICA;0;0;0;0;6
2021;1;9;LICEO POLITECNICO ARICA;15;AYP;151;15101;ARICA;151;ARICA;6;5;0;1;510;7;6;1;1;C;1;0;0;25578111;1;200703;14;15;15101;ARICA;0;0;0;0;6
2021;1;9;LICEO POLITECNICO ARICA;15;AYP;151;15101;ARICA;151;ARICA;6;5;0;1;510;7;6;1;1;C;1;0;0;25793228;1;200706;14;15;15101;ARICA;0;0;0;0;6
2021;1;9;LICEO POLITECNICO ARICA;15;AYP;151;15101;ARICA;151;ARICA;6;5;0;1;510;7;6;1;1;C;1;0;0;25977990;1;200609;14;15;15101;ARICA;0;0;0;0;6
2021;1;9;LICEO POLITECNICO ARICA;15;AYP;151;15101;ARICA;151;ARICA;6;5;0;1;510;7;6;1;1;C;1;0;0;26318172;1;200404;17;15;15101;ARICA;0;0;0;0;6
2021;1;9;LICEO POLITECNICO ARICA;15;AYP;151;15101;ARICA;151;ARICA;6;5;0;1;510;7;6;2;2;A;1;0;0;844407;1;200510;15;15;15101;ARICA;0;0;0;0;6
2021;1;9;LICEO POLITECNICO ARICA;15;AYP;151;15101;ARICA;151;ARICA;6;5;0;1;510;7;6;2;2;A;1;0;0;1242042;2;200603;15;15;15101;ARICA;0;0;0;0;6
2021;1;9;LICEO POLITECNICO ARICA;15;AYP;151;15101;ARICA;151;ARICA;6;5;0;1;510;7;6;2;2;A;1;0;0;2201197;1;200506;16;2;2102;MEJILLONES;0;0;0;0;6
2021;1;9;LICEO POLITECNICO ARICA;15;AYP;151;15101;ARICA;151;ARICA;6;5;0;1;510;7;6;2;2;A;1;0;0;2763451;1;200503;16;15;15101;ARICA;0;0;0;0;6
2021;1;9;LICEO POLITECNICO ARICA;15;AYP;151;15101;ARICA;151;ARICA;6;5;0;1;510;7;6;2;2;A;1;0;0;4478605;2;200506;16;15;15101;ARICA;0;0;0;0;6
2021;1;9;LICEO POLITECNICO ARICA;15;AYP;151;15101;ARICA;151;ARICA;6;5;0;1;510;7;6;2;2;A;1;0;0;5260515;1;200511;15;15;15101;ARICA;0;0;0;0;6
2021;1;9;LICEO POLITECNICO ARICA;15;AYP;151;15101;ARICA;151;ARICA;6;5;0;1;510;7;6;2;2;A;1;0;0;10255314;1;200507;15;15;15101;ARICA;0;0;0;0;6
2021;1;9;LICEO POLITECNICO ARICA;15;AYP;151;15101;ARICA;151;ARICA;6;5;0;1;510;7;6;2;2;A;1;0;0;10549644;1;200602;15;15;15101;ARICA;0;0;0;0;6
2021;1;9;LICEO POLITECNICO ARICA;15;AYP;151;15101;ARICA;151;ARICA;6;5;0;1;510;7;6;2;2;A;1;0;0;11196814;1;200507;15;15;15101;ARICA;0;0;0;0;6
2021;1;9;LICEO POLITECNICO ARICA;15;AYP;151;15101;ARICA;151;ARICA;6;5;0;1;510;7;6;2;2;A;1;0;0;11602388;2;200505;16;15;15101;ARICA;0;0;0;0;6
2021;1;9;LICEO POLITECNICO ARICA;15;AYP;151;15101;ARICA;151;ARICA;6;5;0;1;510;7;6;2;2;A;1;0;0;12741387;1;200506;16;15;15101;ARICA;0;0;0;0;6
2021;1;9;LICEO POLITECNICO ARICA;15;AYP;151;15101;ARICA;151;ARICA;6;5;0;1;510;7;6;2;2;A;1;0;0;13260355;1;200508;15;15;15101;ARICA;0;0;0;0;6
2021;1;9;LICEO POLITECNICO ARICA;15;AYP;151;15101;ARICA;151;ARICA;6;5;0;1;510;7;6;2;2;A;1;0;0;13542645;1;200605;15;15;15101;ARICA;0;0;0;0;6
2021;1;9;LICEO POLITECNICO ARICA;15;AYP;151;15101;ARICA;151;ARICA;6;5;0;1;510;7;6;2;2;A;1;0;0;14219884;2;200603;15;15;15101;ARICA;0;0;0;0;6
2021;1;9;LICEO POLITECNICO ARICA;15;AYP;151;15101;ARICA;151;ARICA;6;5;0;1;510;7;6;2;2;A;1;0;0;14736088;1;200601;15;15;15101;ARICA;0;0;0;0;6
2021;1;9;LICEO POLITECNICO ARICA;15;AYP;151;15101;ARICA;151;ARICA;6;5;0;1;510;7;6;2;2;A;1;0;0;17118885;1;200509;15;15;15101;ARICA;0;0;0;0;6
2021;1;9;LICEO POLITECNICO ARICA;15;AYP;151;15101;ARICA;151;ARICA;6;5;0;1;510;7;6;2;2;A;1;0;0;17745673;1;200602;15;15;15101;ARICA;0;0;0;0;6
2021;1;9;LICEO POLITECNICO ARICA;15;AYP;151;15101;ARICA;151;ARICA;6;5;0;1;510;7;6;2;2;A;1;0;0;20842245;1;200507;15;15;15101;ARICA;0;0;0;0;6
2021;1;9;LICEO POLITECNICO ARICA;15;AYP;151;15101;ARICA;151;ARICA;6;5;0;1;510;7;6;2;2;A;1;0;0;21272208;1;200501;16;15;15101;ARICA;0;0;0;0;6
2021;1;9;LICEO POLITECNICO ARICA;15;AYP;151;15101;ARICA;151;ARICA;6;5;0;1;510;7;6;2;2;A;1;0;0;21513645;1;200301;18;1;1405;PICA;0;0;0;0;6
2021;1;9;LICEO POLITECNICO ARICA;15;AYP;151;15101;ARICA;151;ARICA;6;5;0;1;510;7;6;2;2;A;1;0;0;22552494;1;200301;18;4;4303;MONTE PATRIA;0;0;0;0;6
2021;1;9;LICEO POLITECNICO ARICA;15;AYP;151;15101;ARICA;151;ARICA;6;5;0;1;510;7;6;2;2;A;1;0;0;23135890;1;200601;15;15;15101;ARICA;0;0;0;0;6
2021;1;9;LICEO POLITECNICO ARICA;15;AYP;151;15101;ARICA;151;ARICA;6;5;0;1;510;7;6;2;2;A;1;0;0;23332871;2;200408;16;15;15101;ARICA;0;0;0;0;6
2021;1;9;LICEO POLITECNICO ARICA;15;AYP;151;15101;ARICA;151;ARICA;6;5;0;1;510;7;6;2;2;A;1;0;0;23397424;1;200603;15;15;15101;ARICA;0;0;0;0;6
2021;1;9;LICEO POLITECNICO ARICA;15;AYP;151;15101;ARICA;151;ARICA;6;5;0;1;510;7;6;2;2;A;1;0;0;24492750;1;200602;15;15;15101;ARICA;0;0;0;0;6
2021;1;9;LICEO POLITECNICO ARICA;15;AYP;151;15101;ARICA;151;ARICA;6;5;0;1;510;7;6;2;2;A;1;0;0;24579077;1;200406;17;15;15101;ARICA;0;0;0;0;6
2021;1;9;LICEO POLITECNICO ARICA;15;AYP;151;15101;ARICA;151;ARICA;6;5;0;1;510;7;6;2;2;A;1;0;0;25516427;1;200407;16;15;15101;ARICA;0;0;0;0;6
2021;1;9;LICEO POLITECNICO ARICA;15;AYP;151;15101;ARICA;151;ARICA;6;5;0;1;510;7;6;2;2;A;1;0;0;25592967;1;200508;15;15;15101;ARICA;0;0;0;0;6
2021;1;9;LICEO POLITECNICO ARICA;15;AYP;151;15101;ARICA;151;ARICA;6;5;0;1;510;7;6;2;2;A;1;0;0;25827746;1;200506;16;15;15101;ARICA;0;0;0;0;6
2021;1;9;LICEO POLITECNICO ARICA;15;AYP;151;15101;ARICA;151;ARICA;6;5;0;1;510;7;6;2;2;A;1;0;0;25961407;2;200506;16;15;15101;ARICA;0;0;0;0;6
2021;1;9;LICEO POLITECNICO ARICA;15;AYP;151;15101;ARICA;151;ARICA;6;5;0;1;510;7;6;2;2;A;1;0;0;26075062;1;200507;15;15;15101;ARICA;0;0;0;0;6
2021;1;9;LICEO POLITECNICO ARICA;15;AYP;151;15101;ARICA;151;ARICA;6;5;0;1;510;7;6;2;2;A;1;0;0;26265491;2;200506;16;15;15101;ARICA;0;0;0;0;6
2021;1;9;LICEO POLITECNICO ARICA;15;AYP;151;15101;ARICA;151;ARICA;6;5;0;1;510;7;6;2;2;A;1;0;0;26286408;1;200602;15;15;15101;ARICA;0;0;0;0;6
2021;1;9;LICEO POLITECNICO ARICA;15;AYP;151;15101;ARICA;151;ARICA;6;5;0;1;510;7;6;2;2;B;1;0;0;1560107;2;200411;16;15;15101;ARICA;0;0;0;0;6
2021;1;9;LICEO POLITECNICO ARICA;15;AYP;151;15101;ARICA;151;ARICA;6;5;0;1;510;7;6;2;2;B;1;0;0;2289564;2;200411;16;15;15101;ARICA;0;0;0;0;6
2021;1;9;LICEO POLITECNICO ARICA;15;AYP;151;15101;ARICA;151;ARICA;6;5;0;1;510;7;6;2;2;B;1;0;0;3536180;2;200410;16;15;15101;ARICA;0;0;0;0;6
2021;1;9;LICEO POLITECNICO ARICA;15;AYP;151;15101;ARICA;151;ARICA;6;5;0;1;510;7;6;2;2;B;1;0;0;4387851;2;200606;15;15;15101;ARICA;0;0;0;0;6
2021;1;9;LICEO POLITECNICO ARICA;15;AYP;151;15101;ARICA;151;ARICA;6;5;0;1;510;7;6;2;2;B;1;0;0;5759798;1;200507;15;15;15101;ARICA;0;0;0;0;6
2021;1;9;LICEO POLITECNICO ARICA;15;AYP;151;15101;ARICA;151;ARICA;6;5;0;1;510;7;6;2;2;B;1;0;0;5877750;2;200510;15;15;15101;ARICA;0;0;0;0;6
2021;1;9;LICEO POLITECNICO ARICA;15;AYP;151;15101;ARICA;151;ARICA;6;5;0;1;510;7;6;2;2;B;1;0;0;6744719;1;200408;16;15;15101;ARICA;0;0;0;0;6
2021;1;9;LICEO POLITECNICO ARICA;15;AYP;151;15101;ARICA;151;ARICA;6;5;0;1;510;7;6;2;2;B;1;0;0;7658425;2;200503;16;15;15101;ARICA;0;0;0;0;6
2021;1;9;LICEO POLITECNICO ARICA;15;AYP;151;15101;ARICA;151;ARICA;6;5;0;1;510;7;6;2;2;B;1;0;0;7831065;2;200305;18;15;15101;ARICA;0;0;0;0;6
2021;1;9;LICEO POLITECNICO ARICA;15;AYP;151;15101;ARICA;151;ARICA;6;5;0;1;510;7;6;2;2;B;1;0;0;7985785;1;200507;15;15;15101;ARICA;0;0;0;0;6
2021;1;9;LICEO POLITECNICO ARICA;15;AYP;151;15101;ARICA;151;ARICA;6;5;0;1;510;7;6;2;2;B;1;0;0;8350856;1;200505;16;15;15101;ARICA;0;0;0;0;6
2021;1;9;LICEO POLITECNICO ARICA;15;AYP;151;15101;ARICA;151;ARICA;6;5;0;1;510;7;6;2;2;B;1;0;0;9448307;1;200510;15;15;15101;ARICA;0;0;0;0;6
2021;1;9;LICEO POLITECNICO ARICA;15;AYP;151;15101;ARICA;151;ARICA;6;5;0;1;510;7;6;2;2;B;1;0;0;10506722;2;200306;18;15;15101;ARICA;0;0;0;0;6
2021;1;9;LICEO POLITECNICO ARICA;15;AYP;151;15101;ARICA;151;ARICA;6;5;0;1;510;7;6;2;2;B;1;0;0;10822667;1;200412;16;15;15101;ARICA;0;0;0;0;6
2021;1;9;LICEO POLITECNICO ARICA;15;AYP;151;15101;ARICA;151;ARICA;6;5;0;1;510;7;6;2;2;B;1;0;0;12577281;1;200412;16;15;15101;ARICA;0;0;0;0;6
2021;1;9;LICEO POLITECNICO ARICA;15;AYP;151;15101;ARICA;151;ARICA;6;5;0;1;510;7;6;2;2;B;1;0;0;13744013;1;200602;15;15;15101;ARICA;0;0;0;0;6
2021;1;9;LICEO POLITECNICO ARICA;15;AYP;151;15101;ARICA;151;ARICA;6;5;0;1;510;7;6;2;2;B;1;0;0;14619051;2;200504;16;15;15101;ARICA;0;0;0;0;6
2021;1;9;LICEO POLITECNICO ARICA;15;AYP;151;15101;ARICA;151;ARICA;6;5;0;1;510;7;6;2;2;B;1;0;0;16469152;1;200511;15;15;15101;ARICA;0;0;0;0;6
2021;1;9;LICEO POLITECNICO ARICA;15;AYP;151;15101;ARICA;151;ARICA;6;5;0;1;510;7;6;2;2;B;1;0;0;17211371;1;200301;18;4;4303;MONTE PATRIA;0;0;0;0;6
2021;1;9;LICEO POLITECNICO ARICA;15;AYP;151;15101;ARICA;151;ARICA;6;5;0;1;510;7;6;2;2;B;1;0;0;18984671;1;200312;17;15;15101;ARICA;0;0;0;0;6
2021;1;9;LICEO POLITECNICO ARICA;15;AYP;151;15101;ARICA;151;ARICA;6;5;0;1;510;7;6;2;2;B;1;0;0;19063642;2;200512;15;15;15101;ARICA;0;0;0;0;6
2021;1;9;LICEO POLITECNICO ARICA;15;AYP;151;15101;ARICA;151;ARICA;6;5;0;1;510;7;6;2;2;B;1;0;0;19074582;1;200512;15;15;15101;ARICA;0;0;0;0;6
2021;1;9;LICEO POLITECNICO ARICA;15;AYP;151;15101;ARICA;151;ARICA;6;5;0;1;510;7;6;2;2;B;1;0;0;19210689;1;200505;16;15;15101;ARICA;0;0;0;0;6
2021;1;9;LICEO POLITECNICO ARICA;15;AYP;151;15101;ARICA;151;ARICA;6;5;0;1;510;7;6;2;2;B;1;0;0;20365958;1;200411;16;15;15101;ARICA;0;0;0;0;6
2021;1;9;LICEO POLITECNICO ARICA;15;AYP;151;15101;ARICA;151;ARICA;6;5;0;1;510;7;6;2;2;B;1;0;0;20987576;1;200503;16;15;15101;ARICA;0;0;0;0;6
2021;1;9;LICEO POLITECNICO ARICA;15;AYP;151;15101;ARICA;151;ARICA;6;5;0;1;510;7;6;2;2;B;1;0;0;21461601;1;200504;16;3;3101;COPIAPÓ;0;0;0;0;6
2021;1;9;LICEO POLITECNICO ARICA;15;AYP;151;15101;ARICA;151;ARICA;6;5;0;1;510;7;6;2;2;B;1;0;0;23426270;1;200508;15;15;15101;ARICA;0;0;0;0;6
2021;1;9;LICEO POLITECNICO ARICA;15;AYP;151;15101;ARICA;151;ARICA;6;5;0;1;510;7;6;2;2;B;1;0;0;25628182;1;200509;15;15;15101;ARICA;0;0;0;0;6
2021;1;9;LICEO POLITECNICO ARICA;15;AYP;151;15101;ARICA;151;ARICA;6;5;0;1;510;7;6;2;2;B;1;0;0;25633662;1;200509;15;15;15101;ARICA;0;0;0;0;6
2021;1;9;LICEO POLITECNICO ARICA;15;AYP;151;15101;ARICA;151;ARICA;6;5;0;1;510;7;6;2;2;B;1;0;0;25637555;1;200507;15;15;15101;ARICA;0;0;0;0;6
2021;1;9;LICEO POLITECNICO ARICA;15;AYP;151;15101;ARICA;151;ARICA;6;5;0;1;510;7;6;2;2;B;1;0;0;25710679;1;200601;15;15;15101;ARICA;0;0;0;0;6
2021;1;9;LICEO POLITECNICO ARICA;15;AYP;151;15101;ARICA;151;ARICA;6;5;0;1;510;7;6;2;2;B;1;0;0;26371886;1;200505;16;15;15101;ARICA;0;0;0;0;6
2021;1;9;LICEO POLITECNICO ARICA;15;AYP;151;15101;ARICA;151;ARICA;6;5;0;1;510;7;6;2;2;C;1;0;0;20439;1;200605;15;15;15101;ARICA;0;0;0;0;6
2021;1;9;LICEO POLITECNICO ARICA;15;AYP;151;15101;ARICA;151;ARICA;6;5;0;1;510;7;6;2;2;C;1;0;0;2634471;2;200303;18;15;15101;ARICA;0;0;0;0;6
2021;1;9;LICEO POLITECNICO ARICA;15;AYP;151;15101;ARICA;151;ARICA;6;5;0;1;510;7;6;2;2;C;1;0;0;3283276;1;200507;15;15;15101;ARICA;0;0;0;0;6
2021;1;9;LICEO POLITECNICO ARICA;15;AYP;151;15101;ARICA;151;ARICA;6;5;0;1;510;7;6;2;2;C;1;0;0;4372693;1;200512;15;15;15101;ARICA;0;0;0;0;6
2021;1;9;LICEO POLITECNICO ARICA;15;AYP;151;15101;ARICA;151;ARICA;6;5;0;1;510;7;6;2;2;C;1;0;0;5444056;2;200512;15;1;1107;ALTO HOSPICIO;0;0;0;0;6
2021;1;9;LICEO POLITECNICO ARICA;15;AYP;151;15101;ARICA;151;ARICA;6;5;0;1;510;7;6;2;2;C;1;0;0;5815269;1;200602;15;2;2101;ANTOFAGASTA;0;0;0;0;6
2021;1;9;LICEO POLITECNICO ARICA;15;AYP;151;15101;ARICA;151;ARICA;6;5;0;1;510;7;6;2;2;C;1;0;0;6137029;1;200511;15;15;15101;ARICA;0;0;0;0;6
2021;1;9;LICEO POLITECNICO ARICA;15;AYP;151;15101;ARICA;151;ARICA;6;5;0;1;510;7;6;2;2;C;1;0;0;7051216;2;200603;15;15;15101;ARICA;0;0;0;0;6
2021;1;9;LICEO POLITECNICO ARICA;15;AYP;151;15101;ARICA;151;ARICA;6;5;0;1;510;7;6;2;2;C;1;0;0;8115032;1;200604;15;15;15101;ARICA;0;0;0;0;6
2021;1;9;LICEO POLITECNICO ARICA;15;AYP;151;15101;ARICA;151;ARICA;6;5;0;1;510;7;6;2;2;C;1;0;0;8464447;2;200410;16;15;15101;ARICA;0;0;0;0;6
2021;1;9;LICEO POLITECNICO ARICA;15;AYP;151;15101;ARICA;151;ARICA;6;5;0;1;510;7;6;2;2;C;1;0;0;9724515;1;200601;15;15;15101;ARICA;0;0;0;0;6
2021;1;9;LICEO POLITECNICO ARICA;15;AYP;151;15101;ARICA;151;ARICA;6;5;0;1;510;7;6;2;2;C;1;0;0;9728145;1;200503;16;15;15101;ARICA;0;0;0;0;6
2021;1;9;LICEO POLITECNICO ARICA;15;AYP;151;15101;ARICA;151;ARICA;6;5;0;1;510;7;6;2;2;C;1;0;0;10814148;1;200511;15;15;15101;ARICA;0;0;0;0;6
2021;1;9;LICEO POLITECNICO ARICA;15;AYP;151;15101;ARICA;151;ARICA;6;5;0;1;510;7;6;2;2;C;1;0;0;13418043;1;200403;17;15;15101;ARICA;0;0;0;0;6
2021;1;9;LICEO POLITECNICO ARICA;15;AYP;151;15101;ARICA;151;ARICA;6;5;0;1;510;7;6;2;2;C;1;0;0;15261395;2;200401;17;15;15101;ARICA;0;0;0;0;6
2021;1;9;LICEO POLITECNICO ARICA;15;AYP;151;15101;ARICA;151;ARICA;6;5;0;1;510;7;6;2;2;C;1;0;0;15265360;2;200412;16;15;15101;ARICA;0;0;0;0;6
2021;1;9;LICEO POLITECNICO ARICA;15;AYP;151;15101;ARICA;151;ARICA;6;5;0;1;510;7;6;2;2;C;1;0;0;15911590;2;200507;15;5;5101;VALPARAÍSO;0;0;0;0;6
2021;1;9;LICEO POLITECNICO ARICA;15;AYP;151;15101;ARICA;151;ARICA;6;5;0;1;510;7;6;2;2;C;1;0;0;16078642;1;200212;18;15;15101;ARICA;0;0;0;0;6
2021;1;9;LICEO POLITECNICO ARICA;15;AYP;151;15101;ARICA;151;ARICA;6;5;0;1;510;7;6;2;2;C;1;0;0;16271310;1;200504;16;5;5501;QUILLOTA;0;0;0;0;6
2021;1;9;LICEO POLITECNICO ARICA;15;AYP;151;15101;ARICA;151;ARICA;6;5;0;1;510;7;6;2;2;C;1;0;0;16579230;2;200509;15;15;15101;ARICA;0;0;0;0;6
2021;1;9;LICEO POLITECNICO ARICA;15;AYP;151;15101;ARICA;151;ARICA;6;5;0;1;510;7;6;2;2;C;1;0;0;17026926;2;200512;15;1;1402;CAMIÑA;0;0;0;0;6
2021;1;9;LICEO POLITECNICO ARICA;15;AYP;151;15101;ARICA;151;ARICA;6;5;0;1;510;7;6;2;2;C;1;0;0;18017453;2;200508;15;15;15101;ARICA;0;0;0;0;6
2021;1;9;LICEO POLITECNICO ARICA;15;AYP;151;15101;ARICA;151;ARICA;6;5;0;1;510;7;6;2;2;C;1;0;0;19114059;1;200402;17;15;15101;ARICA;0;0;0;0;6
2021;1;9;LICEO POLITECNICO ARICA;15;AYP;151;15101;ARICA;151;ARICA;6;5;0;1;510;7;6;2;2;C;1;0;0;20916934;1;200603;15;15;15101;ARICA;0;0;0;0;6
2021;1;9;LICEO POLITECNICO ARICA;15;AYP;151;15101;ARICA;151;ARICA;6;5;0;1;510;7;6;2;2;C;1;0;0;21508801;2;200606;15;15;15101;ARICA;0;0;0;0;6
2021;1;9;LICEO POLITECNICO ARICA;15;AYP;151;15101;ARICA;151;ARICA;6;5;0;1;510;7;6;2;2;C;1;0;0;22216834;1;200605;15;15;15101;ARICA;0;0;0;0;6
2021;1;9;LICEO POLITECNICO ARICA;15;AYP;151;15101;ARICA;151;ARICA;6;5;0;1;510;7;6;2;2;C;1;0;0;23342409;1;200310;17;15;15101;ARICA;0;0;0;0;6
2021;1;9;LICEO POLITECNICO ARICA;15;AYP;151;15101;ARICA;151;ARICA;6;5;0;1;510;7;6;2;2;C;1;0;0;23784862;2;200605;15;15;15101;ARICA;0;0;0;0;6
2021;1;9;LICEO POLITECNICO ARICA;15;AYP;151;15101;ARICA;151;ARICA;6;5;0;1;510;7;6;2;2;C;1;0;0;23790726;2;200405;17;15;15101;ARICA;0;0;0;0;6
2021;1;9;LICEO POLITECNICO ARICA;15;AYP;151;15101;ARICA;151;ARICA;6;5;0;1;510;7;6;2;2;C;1;0;0;24726344;1;200506;16;15;15101;ARICA;0;0;0;0;6
2021;1;9;LICEO POLITECNICO ARICA;15;AYP;151;15101;ARICA;151;ARICA;6;5;0;1;510;7;6;2;2;C;1;0;0;25474170;1;200503;16;15;15101;ARICA;0;0;0;0;6
2021;1;9;LICEO POLITECNICO ARICA;15;AYP;151;15101;ARICA;151;ARICA;6;5;0;1;510;7;6;2;2;C;1;0;0;25623681;1;200510;15;15;15101;ARICA;0;0;0;0;6
2021;1;9;LICEO POLITECNICO ARICA;15;AYP;151;15101;ARICA;151;ARICA;6;5;0;1;510;7;6;2;2;C;1;0;0;26050795;1;200602;15;15;15101;ARICA;0;0;0;0;6
2021;1;9;LICEO POLITECNICO ARICA;15;AYP;151;15101;ARICA;151;ARICA;6;5;0;1;510;7;6;3;3;A;1;0;1;9626933;1;200410;16;15;15101;ARICA;520;52013;500;52013001;8
2021;1;9;LICEO POLITECNICO ARICA;15;AYP;151;15101;ARICA;151;ARICA;6;5;0;1;510;7;6;3;3;A;1;0;1;11415431;1;200402;17;15;15101;ARICA;520;52013;500;52013001;8
2021;1;9;LICEO POLITECNICO ARICA;15;AYP;151;15101;ARICA;151;ARICA;6;5;0;1;510;7;6;3;3;A;1;0;1;15278969;1;200412;16;2;2101;ANTOFAGASTA;520;52013;500;52013001;8
2021;1;9;LICEO POLITECNICO ARICA;15;AYP;151;15101;ARICA;151;ARICA;6;5;0;1;510;7;6;3;3;A;1;0;1;22855282;1;200408;16;15;15101;ARICA;520;52013;500;52013001;8
2021;1;9;LICEO POLITECNICO ARICA;15;AYP;151;15101;ARICA;151;ARICA;6;5;0;1;510;7;6;3;3;A;1;0;1;26085075;2;200412;16;15;15101;ARICA;520;52013;500;52013001;8
2021;1;9;LICEO POLITECNICO ARICA;15;AYP;151;15101;ARICA;151;ARICA;6;5;0;1;510;7;6;3;3;B;1;0;1;1569971;1;200409;16;15;15101;ARICA;520;52009;500;0;8
2021;1;9;LICEO POLITECNICO ARICA;15;AYP;151;15101;ARICA;151;ARICA;6;5;0;1;510;7;6;3;3;B;1;0;1;11082673;2;200301;18;15;15101;ARICA;520;52009;500;0;8
2021;1;9;LICEO POLITECNICO ARICA;15;AYP;151;15101;ARICA;151;ARICA;6;5;0;1;510;7;6;3;3;B;1;0;1;11495105;1;200307;17;15;15201;PUTRE;520;52009;500;0;8
2021;1;9;LICEO POLITECNICO ARICA;15;AYP;151;15101;ARICA;151;ARICA;6;5;0;1;510;7;6;3;3;B;1;0;1;12760588;1;200301;18;15;15101;ARICA;520;52009;500;0;8
2021;1;9;LICEO POLITECNICO ARICA;15;AYP;151;15101;ARICA;151;ARICA;6;5;0;1;510;7;6;3;3;B;1;0;1;16389707;1;200302;18;13;13101;SANTIAGO;520;52009;500;0;8
2021;1;9;LICEO POLITECNICO ARICA;15;AYP;151;15101;ARICA;151;ARICA;6;5;0;1;510;7;6;3;3;B;1;0;1;20746972;1;200211;18;15;15101;ARICA;520;52009;500;0;8
2021;1;9;LICEO POLITECNICO ARICA;15;AYP;151;15101;ARICA;151;ARICA;6;5;0;1;510;7;6;3;3;B;1;0;1;22721529;1;200406;17;15;15101;ARICA;520;52009;500;0;8
2021;1;9;LICEO POLITECNICO ARICA;15;AYP;151;15101;ARICA;151;ARICA;6;5;0;1;510;7;6;3;3;B;1;0;1;24391231;1;200410;16;15;15101;ARICA;520;52009;500;0;8
2021;1;9;LICEO POLITECNICO ARICA;15;AYP;151;15101;ARICA;151;ARICA;6;5;0;1;510;7;6;3;3;C;1;0;1;961266;1;200411;16;15;15101;ARICA;520;52010;500;0;8
2021;1;9;LICEO POLITECNICO ARICA;15;AYP;151;15101;ARICA;151;ARICA;6;5;0;1;510;7;6;3;3;C;1;0;1;1401095;1;200504;16;15;15101;ARICA;520;52010;500;0;8
2021;1;9;LICEO POLITECNICO ARICA;15;AYP;151;15101;ARICA;151;ARICA;6;5;0;1;510;7;6;3;3;C;1;0;1;1433010;1;200506;16;15;15101;ARICA;520;52010;500;0;8
2021;1;9;LICEO POLITECNICO ARICA;15;AYP;151;15101;ARICA;151;ARICA;6;5;0;1;510;7;6;3;3;C;1;0;1;2332359;1;200309;17;15;15101;ARICA;520;52010;500;0;8
2021;1;9;LICEO POLITECNICO ARICA;15;AYP;151;15101;ARICA;151;ARICA;6;5;0;1;510;7;6;3;3;C;1;0;1;2717697;1;200503;16;15;15101;ARICA;520;52010;500;0;8
2021;1;9;LICEO POLITECNICO ARICA;15;AYP;151;15101;ARICA;151;ARICA;6;5;0;1;510;7;6;3;3;C;1;0;1;2739678;2;200301;18;15;15101;ARICA;520;52010;500;0;8
2021;1;9;LICEO POLITECNICO ARICA;15;AYP;151;15101;ARICA;151;ARICA;6;5;0;1;510;7;6;3;3;C;1;0;1;3924044;1;200501;16;15;15101;ARICA;520;52010;500;0;8
2021;1;9;LICEO POLITECNICO ARICA;15;AYP;151;15101;ARICA;151;ARICA;6;5;0;1;510;7;6;3;3;C;1;0;1;5292312;1;200406;17;15;15101;ARICA;520;52010;500;0;8
2021;1;9;LICEO POLITECNICO ARICA;15;AYP;151;15101;ARICA;151;ARICA;6;5;0;1;510;7;6;3;3;C;1;0;1;5354135;1;200405;17;15;15101;ARICA;520;52010;500;0;8
2021;1;9;LICEO POLITECNICO ARICA;15;AYP;151;15101;ARICA;151;ARICA;6;5;0;1;510;7;6;3;3;C;1;0;1;5827197;1;200312;17;15;15101;ARICA;520;52010;500;0;8
2021;1;9;LICEO POLITECNICO ARICA;15;AYP;151;15101;ARICA;151;ARICA;6;5;0;1;510;7;6;3;3;C;1;0;1;7595016;1;200309;17;15;15101;ARICA;520;52010;500;0;8
2021;1;9;LICEO POLITECNICO ARICA;15;AYP;151;15101;ARICA;151;ARICA;6;5;0;1;510;7;6;3;3;C;1;0;1;9021106;1;200408;16;13;13124;PUDAHUEL;520;52010;500;0;8
2021;1;9;LICEO POLITECNICO ARICA;15;AYP;151;15101;ARICA;151;ARICA;6;5;0;1;510;7;6;3;3;C;1;0;1;9588961;1;200406;17;15;15101;ARICA;520;52010;500;0;8
2021;1;9;LICEO POLITECNICO ARICA;15;AYP;151;15101;ARICA;151;ARICA;6;5;0;1;510;7;6;3;3;C;1;0;1;9627080;1;200408;16;15;15101;ARICA;520;52010;500;0;8
2021;1;9;LICEO POLITECNICO ARICA;15;AYP;151;15101;ARICA;151;ARICA;6;5;0;1;510;7;6;3;3;C;1;0;1;9635320;1;200407;16;15;15101;ARICA;520;52010;500;0;8
2021;1;9;LICEO POLITECNICO ARICA;15;AYP;151;15101;ARICA;151;ARICA;6;5;0;1;510;7;6;3;3;C;1;0;1;10361602;1;200504;16;15;15101;ARICA;520;52010;500;0;8
2021;1;9;LICEO POLITECNICO ARICA;15;AYP;151;15101;ARICA;151;ARICA;6;5;0;1;510;7;6;3;3;C;1;0;1;10611923;1;200312;17;15;15101;ARICA;520;52010;500;0;8
2021;1;9;LICEO POLITECNICO ARICA;15;AYP;151;15101;ARICA;151;ARICA;6;5;0;1;510;7;6;3;3;C;1;0;1;11724423;1;200407;16;15;15101;ARICA;520;52010;500;0;8
2021;1;9;LICEO POLITECNICO ARICA;15;AYP;151;15101;ARICA;151;ARICA;6;5;0;1;510;7;6;3;3;C;1;0;1;11799227;1;200401;17;15;15101;ARICA;520;52010;500;0;8
2021;1;9;LICEO POLITECNICO ARICA;15;AYP;151;15101;ARICA;151;ARICA;6;5;0;1;510;7;6;3;3;C;1;0;1;12005995;1;200502;16;15;15101;ARICA;520;52010;500;0;8
2021;1;9;LICEO POLITECNICO ARICA;15;AYP;151;15101;ARICA;151;ARICA;6;5;0;1;510;7;6;3;3;C;1;0;1;13390781;1;200502;16;15;15101;ARICA;520;52010;500;0;8
2021;1;9;LICEO POLITECNICO ARICA;15;AYP;151;15101;ARICA;151;ARICA;6;5;0;1;510;7;6;3;3;C;1;0;1;13690352;1;200406;17;15;15101;ARICA;520;52010;500;0;8
2021;1;9;LICEO POLITECNICO ARICA;15;AYP;151;15101;ARICA;151;ARICA;6;5;0;1;510;7;6;3;3;C;1;0;1;14554305;1;200408;16;2;2101;ANTOFAGASTA;520;52010;500;0;8
2021;1;9;LICEO POLITECNICO ARICA;15;AYP;151;15101;ARICA;151;ARICA;6;5;0;1;510;7;6;3;3;C;1;0;1;17486576;1;200307;17;15;15101;ARICA;520;52010;500;0;8
2021;1;9;LICEO POLITECNICO ARICA;15;AYP;151;15101;ARICA;151;ARICA;6;5;0;1;510;7;6;3;3;C;1;0;1;18640957;1;200412;16;15;15101;ARICA;520;52010;500;0;8
2021;1;9;LICEO POLITECNICO ARICA;15;AYP;151;15101;ARICA;151;ARICA;6;5;0;1;510;7;6;3;3;C;1;0;1;20678810;1;200410;16;15;15101;ARICA;520;52010;500;0;8
2021;1;9;LICEO POLITECNICO ARICA;15;AYP;151;15101;ARICA;151;ARICA;6;5;0;1;510;7;6;3;3;C;1;0;1;20737486;1;200409;16;15;15202;GENERAL LAGOS;520;52010;500;0;8
2021;1;9;LICEO POLITECNICO ARICA;15;AYP;151;15101;ARICA;151;ARICA;6;5;0;1;510;7;6;3;3;C;1;0;1;21008422;1;200306;18;15;15101;ARICA;520;52010;500;0;8
2021;1;9;LICEO POLITECNICO ARICA;15;AYP;151;15101;ARICA;151;ARICA;6;5;0;1;510;7;6;3;3;C;1;0;1;21533690;1;200308;17;15;15101;ARICA;520;52010;500;0;8
2021;1;9;LICEO POLITECNICO ARICA;15;AYP;151;15101;ARICA;151;ARICA;6;5;0;1;510;7;6;3;3;C;1;0;1;21801394;1;200312;17;15;15101;ARICA;520;52010;500;0;8
2021;1;9;LICEO POLITECNICO ARICA;15;AYP;151;15101;ARICA;151;ARICA;6;5;0;1;510;7;6;3;3;C;1;0;1;23774409;1;200406;17;15;15101;ARICA;520;52010;500;0;8
2021;1;9;LICEO POLITECNICO ARICA;15;AYP;151;15101;ARICA;151;ARICA;6;5;0;1;510;7;6;3;3;C;1;0;1;24087417;1;200203;19;15;15202;GENERAL LAGOS;520;52010;500;0;8
2021;1;9;LICEO POLITECNICO ARICA;15;AYP;151;15101;ARICA;151;ARICA;6;5;0;1;510;7;6;3;3;C;1;0;1;25474172;1;200501;16;15;15101;ARICA;520;52010;500;0;8
2021;1;9;LICEO POLITECNICO ARICA;15;AYP;151;15101;ARICA;151;ARICA;6;5;0;1;510;7;6;3;3;C;1;0;1;25790815;2;200408;16;15;15101;ARICA;520;52010;500;0;8
2021;1;9;LICEO POLITECNICO ARICA;15;AYP;151;15101;ARICA;151;ARICA;6;5;0;1;510;7;6;3;3;C;1;0;1;26152704;1;200409;16;15;15101;ARICA;520;52010;500;0;8
2021;1;9;LICEO POLITECNICO ARICA;15;AYP;151;15101;ARICA;151;ARICA;6;5;0;1;510;7;6;3;3;D;1;0;1;2602980;2;200109;19;15;15101;ARICA;530;53014;500;0;8
2021;1;9;LICEO POLITECNICO ARICA;15;AYP;151;15101;ARICA;151;ARICA;6;5;0;1;510;7;6;3;3;D;1;0;1;3574274;1;200209;18;14;14201;LA UNIÓN;530;53014;500;0;8
2021;1;9;LICEO POLITECNICO ARICA;15;AYP;151;15101;ARICA;151;ARICA;6;5;0;1;510;7;6;3;3;D;1;0;1;4119143;1;200207;18;15;15101;ARICA;530;53014;500;0;8
2021;1;9;LICEO POLITECNICO ARICA;15;AYP;151;15101;ARICA;151;ARICA;6;5;0;1;510;7;6;3;3;D;1;0;1;7828080;2;200401;17;15;15101;ARICA;530;53014;500;0;8
2021;1;9;LICEO POLITECNICO ARICA;15;AYP;151;15101;ARICA;151;ARICA;6;5;0;1;510;7;6;3;3;D;1;0;1;9176508;1;200410;16;15;15101;ARICA;530;53014;500;0;8
2021;1;9;LICEO POLITECNICO ARICA;15;AYP;151;15101;ARICA;151;ARICA;6;5;0;1;510;7;6;3;3;D;1;0;1;12738233;1;200412;16;15;15101;ARICA;530;53014;500;0;8
2021;1;9;LICEO POLITECNICO ARICA;15;AYP;151;15101;ARICA;151;ARICA;6;5;0;1;510;7;6;3;3;D;1;0;1;13513998;1;200405;17;15;15101;ARICA;530;53014;500;0;8
2021;1;9;LICEO POLITECNICO ARICA;15;AYP;151;15101;ARICA;151;ARICA;6;5;0;1;510;7;6;3;3;D;1;0;1;14584691;1;200504;16;15;15101;ARICA;530;53014;500;0;8
2021;1;9;LICEO POLITECNICO ARICA;15;AYP;151;15101;ARICA;151;ARICA;6;5;0;1;510;7;6;3;3;D;1;0;1;14950177;1;200501;16;15;15101;ARICA;530;53014;500;0;8
2021;1;9;LICEO POLITECNICO ARICA;15;AYP;151;15101;ARICA;151;ARICA;6;5;0;1;510;7;6;3;3;D;1;0;1;18675612;2;200406;17;2;2101;ANTOFAGASTA;530;53014;500;0;8
2021;1;9;LICEO POLITECNICO ARICA;15;AYP;151;15101;ARICA;151;ARICA;6;5;0;1;510;7;6;3;3;D;1;0;1;25795271;1;200503;16;15;15101;ARICA;530;53014;500;0;8
2021;1;9;LICEO POLITECNICO ARICA;15;AYP;151;15101;ARICA;151;ARICA;6;5;0;1;510;7;6;3;3;E;1;0;1;1616214;2;200310;17;15;15101;ARICA;520;52010;500;0;8
2021;1;9;LICEO POLITECNICO ARICA;15;AYP;151;15101;ARICA;151;ARICA;6;5;0;1;510;7;6;3;3;E;1;0;1;1862382;2;200407;16;15;15101;ARICA;520;52010;500;0;8
2021;1;9;LICEO POLITECNICO ARICA;15;AYP;151;15101;ARICA;151;ARICA;6;5;0;1;510;7;6;3;3;E;1;0;1;2780087;1;200410;16;15;15101;ARICA;520;52010;500;0;8
2021;1;9;LICEO POLITECNICO ARICA;15;AYP;151;15101;ARICA;151;ARICA;6;5;0;1;510;7;6;3;3;E;1;0;1;3867718;1;200408;16;15;15101;ARICA;520;52010;500;0;8
2021;1;9;LICEO POLITECNICO ARICA;15;AYP;151;15101;ARICA;151;ARICA;6;5;0;1;510;7;6;3;3;E;1;0;1;6707635;1;200505;16;15;15101;ARICA;520;52010;500;0;8
2021;1;9;LICEO POLITECNICO ARICA;15;AYP;151;15101;ARICA;151;ARICA;6;5;0;1;510;7;6;3;3;E;1;0;1;7275612;1;200311;17;15;15101;ARICA;520;52010;500;0;8
2021;1;9;LICEO POLITECNICO ARICA;15;AYP;151;15101;ARICA;151;ARICA;6;5;0;1;510;7;6;3;3;E;1;0;1;8696655;1;200412;16;15;15101;ARICA;520;52010;500;0;8
2021;1;9;LICEO POLITECNICO ARICA;15;AYP;151;15101;ARICA;151;ARICA;6;5;0;1;510;7;6;3;3;E;1;0;1;9373987;1;200411;16;15;15101;ARICA;520;52010;500;0;8
2021;1;9;LICEO POLITECNICO ARICA;15;AYP;151;15101;ARICA;151;ARICA;6;5;0;1;510;7;6;3;3;E;1;0;1;17637039;1;200212;18;1;1107;ALTO HOSPICIO;520;52010;500;0;8
2021;1;9;LICEO POLITECNICO ARICA;15;AYP;151;15101;ARICA;151;ARICA;6;5;0;1;510;7;6;3;3;E;1;0;1;23047877;1;200402;17;15;15101;ARICA;520;52010;500;0;8
2021;1;9;LICEO POLITECNICO ARICA;15;AYP;151;15101;ARICA;151;ARICA;6;5;0;1;510;7;6;3;3;E;1;0;1;24654916;1;200409;16;15;15101;ARICA;520;52010;500;0;8
2021;1;9;LICEO POLITECNICO ARICA;15;AYP;151;15101;ARICA;151;ARICA;6;5;0;1;510;7;6;3;3;E;1;0;1;25793829;1;200503;16;15;15101;ARICA;520;52010;500;0;8
2021;1;9;LICEO POLITECNICO ARICA;15;AYP;151;15101;ARICA;151;ARICA;6;5;0;1;510;7;6;3;3;E;1;0;1;25963075;1;200502;16;15;15101;ARICA;520;52010;500;0;8
2021;1;9;LICEO POLITECNICO ARICA;15;AYP;151;15101;ARICA;151;ARICA;6;5;0;1;510;7;6;3;3;E;1;0;1;26312969;1;200302;18;15;15101;ARICA;520;52010;500;0;8
